id_toma,privada,tipo_ocupante,tipo_tarifa,consumo_base,domiciliado,incluye_alcantarillado,incluye_saneamiento,propension_mora,fecha_alta
T62DB418771,Los Fresnos,publico,publico,21.855700398677516,False,True,True,0.24836941111989175,2022-05-29
T516D296A99,Sin privada,domestico,domestico,8.056231730433755,False,True,True,0.23973473860528854,2023-09-27
TF6199DECCB,La Cañada,comercial,comercial,35.87913366599699,True,True,True,0.05996327163395008,2021-07-12
TBFDD3649BD,Villa Serena,domestico,domestico,14.433665737351395,True,True,True,0.39375812272087146,2022-09-02
T1A8F7C05C9,Villa Serena,domestico,domestico,7.2642333665287175,False,True,False,0.44333821114094235,2021-08-19
T6B4FC6C7C6,Sin privada,publico,publico,20.29464605908992,False,True,True,0.06723269646831082,2021-10-28
T6EE7490E19,Los Fresnos,domestico,domestico,12.914348180564302,False,True,True,0.38164393916006173,2020-03-31
T771EC6B537,Los Fresnos,domestico,domestico,4.929863196029718,False,True,True,0.13276985891418874,2019-06-26
TA87CD37475,La Cañada,domestico,domestico,20.596422038718377,False,True,True,0.03622023209930358,2019-08-02
T00048F12E2,Santa Teresa,domestico,domestico,9.388700376586934,False,True,True,0.12843400248511977,2023-02-20
TDE3B85E449,Sin privada,domestico,domestico,18.05731272307795,False,True,True,0.1218227844363169,2020-07-17
TDFD5EF1E2B,La Cañada,domestico,domestico,16.19081162839211,False,True,True,0.09178554470299177,2020-10-11
T6BE1C12D07,Sin privada,industrial,industrial,115.6100949615265,False,True,True,0.3835134268247149,2021-08-31
TE17C7596F7,Los Fresnos,domestico,domestico,13.847856923660297,False,True,True,0.45440627546173434,2019-05-14
TF0590D064A,Sin privada,domestico,domestico,10.078767307780836,False,True,True,0.2077608493191916,2019-09-23
T0201C8273D,San Miguel,domestico,domestico,10.04500324353337,False,False,True,0.3354489702767458,2021-09-28
T416D725964,Los Encinos,domestico,domestico,14.41110616112379,False,True,True,0.3396269906180923,2020-09-23
T592985E849,Los Fresnos,domestico,domestico,23.320197215683486,False,True,True,0.468829077438018,2022-07-16
T8CFD079CB6,Sin privada,domestico,domestico,13.628343170570735,False,True,True,0.23424331355878356,2021-09-20
TD10A6EDCA0,La Noria,comercial,comercial,21.6701708230573,False,True,True,0.23784441706819545,2021-08-10
T0CE7987E4B,Sin privada,comercial,comercial,73.35477697659725,False,True,True,0.10606156849379965,2020-05-12
T0F12629295,Los Fresnos,domestico,domestico,3.6031560112721905,False,True,True,0.18851318436670514,2020-02-01
T7833B36159,Sin privada,domestico,domestico,15.398799694385225,True,True,True,0.3810182425949249,2022-06-10
T997FF51E88,La Cañada,domestico,domestico,9.754785296440588,True,True,False,0.5094804644215356,2019-08-24
TB0AFAFC426,Las Palmas,publico,publico,47.376760813442985,False,True,True,0.428355275147369,2021-03-29
T4B2228F178,Villa Serena,domestico,domestico,17.58157861795676,True,True,True,0.6072386569504054,2021-01-17
T5D1D63651A,El Pedregal,domestico,domestico,16.67587784749653,False,True,True,0.5822954275373406,2023-01-06
T005A9CE174,La Cañada,domestico,domestico,10.225636687897875,True,True,True,0.21005387668772316,2020-01-19
T0E572DDC2C,Villa Serena,domestico,domestico,9.50671277797692,False,False,True,0.6200143063764482,2021-10-01
T6B4C3EB33E,La Cañada,domestico,domestico,5.025874380144137,False,True,True,0.3788332340310154,2023-09-10
T98621FD0F2,Sin privada,industrial,industrial,123.55763101016869,False,True,True,0.06293892964773529,2020-10-16
TCED7759D69,Los Fresnos,domestico,domestico,17.96813069210574,False,False,True,0.39489659616193246,2020-08-03
T148BA00559,Los Encinos,domestico,domestico,22.38109542506072,False,True,True,0.21625858450437221,2022-08-10
T8EF8382AF5,Sin privada,domestico,domestico,12.288807427830573,False,True,True,0.36514055333672385,2023-08-25
T294140BCEC,La Cañada,comercial,comercial,21.263065866872893,False,True,True,0.40494363408260686,2019-05-06
T2B4ECE5F7A,San Miguel,domestico,domestico,17.539038722590288,False,True,False,0.25079568447910716,2021-08-12
TFCDB644B38,Sin privada,domestico,domestico,17.993463706976378,True,True,True,0.49227863661333354,2023-05-31
TF46C85CB55,Sin privada,domestico,domestico,6.639560598691434,True,True,True,0.37062821506182003,2021-11-16
T635E7348B0,Sin privada,domestico,domestico,21.231220881339276,False,True,True,0.5217624162638042,2024-06-16
TD950C1321E,Villa Serena,domestico,domestico,14.208185426312932,False,True,True,0.13397117686753385,2021-09-26
T79F7CA1313,Los Fresnos,domestico,domestico,6.4350214837979856,False,True,False,0.5108694913531381,2020-03-23
T1890D0D69D,San Miguel,domestico,domestico,12.279174110743053,False,True,True,0.3601854507487782,2019-09-13
T92ED6C6BBC,Sin privada,domestico,domestico,6.853247498216759,False,True,True,0.01,2020-05-01
T1A234D637E,Los Fresnos,domestico,domestico,14.707681671396186,False,True,False,0.41429746647932136,2020-11-29
T0FA07C2AE6,La Cañada,domestico,domestico,8.243300232898362,False,True,False,0.1083707222483025,2021-01-18
T85D9327E38,Villa Serena,domestico,domestico,12.51492432753977,False,True,True,0.43928523492261495,2020-09-21
T9B2220E701,San Miguel,domestico,domestico,22.73396693150437,True,True,True,0.1533233355278009,2022-12-09
T75AE25B236,Las Palmas,domestico,domestico,13.899745018816011,False,True,True,0.39275401510750063,2023-06-02
T85C4B9E9BD,Villa Serena,domestico,domestico,6.93801391878452,False,True,True,0.038520936777812834,2019-02-22
TAAC46C752C,Sin privada,comercial,comercial,5.311153370461945,False,True,False,0.38745534861383063,2021-12-22
TB5ABA37301,Los Encinos,domestico,domestico,19.226883489147653,False,True,True,0.5550373361939973,2019-03-12
TDB1931905E,Sin privada,domestico,domestico,10.57635500943326,False,True,True,0.23610698080694467,2021-02-26
T8A79BCF725,El Mirador,domestico,domestico,5.2340163047974215,True,True,True,0.19495819157668035,2021-04-10
T1383BC162C,Sin privada,domestico,domestico,12.351653014467242,False,True,True,0.10046169158531822,2021-05-20
TE3F34F661C,Sin privada,comercial,comercial,64.397580421493,False,True,True,0.4098529006164788,2023-09-09
T945DF5CC73,Los Fresnos,domestico,domestico,8.522069196266564,False,True,True,0.39645325881269955,2021-05-13
T89289351AD,Sin privada,domestico,domestico,13.725795619719849,True,False,True,0.3803695323025614,2021-08-06
T3C6A8E589D,San Miguel,comercial,comercial,28.793925629837517,False,True,True,0.4778997405213295,2020-10-17
T9EDB41553F,Sin privada,domestico,domestico,7.193980902693703,False,True,True,0.5030790849388634,2019-02-14
T39FECD2D40,Villa Serena,domestico,domestico,19.992255875057523,False,True,True,0.4120587787055559,2020-12-31
T393F331539,El Mirador,domestico,domestico,11.987760472941584,False,True,True,0.7231006109405415,2022-01-09
T44E572D176,Sin privada,domestico,domestico,18.435304828617628,False,True,True,0.17064990973709857,2022-10-13
T6A0C9518A5,Sin privada,domestico,domestico,11.627379725615175,False,True,True,0.5316809196681859,2022-12-06
T6F6C091F32,Santa Teresa,domestico,domestico,12.511974669136848,False,True,True,0.31551317353878994,2021-12-28
T0A7DFC3903,Sin privada,domestico,domestico,21.029022924619024,False,True,True,0.04257901089919953,2019-09-12
T4CA807AAAE,La Cañada,comercial,comercial,38.85971675415977,False,True,True,0.14350479894939658,2020-07-28
T292B036CC6,Sin privada,domestico,domestico,14.724964429467196,True,True,True,0.4631770332201168,2023-06-07
TF252236170,Sin privada,domestico,domestico,18.385037086135455,False,True,True,0.23914644537619126,2021-11-04
T47A88C447A,La Cañada,domestico,domestico,8.509317280326743,False,True,True,0.017486114941039237,2023-07-17
T29274E7656,Los Fresnos,domestico,domestico,16.878944713012302,True,True,True,0.09272153857673411,2023-05-09
TF94B3B4CEA,San Miguel,domestico,domestico,15.719501460866855,False,True,True,0.5858336563874542,2021-07-09
TD79C86593F,Villa Serena,domestico,domestico,19.415075993919352,False,True,True,0.12323963628904354,2021-11-25
T042B2178D1,Sin privada,domestico,domestico,20.764720349628004,False,True,True,0.032137698898923275,2023-02-02
TE9E2B18053,La Cañada,comercial,comercial,56.2979792342051,False,True,True,0.3739574483201506,2020-12-15
T80D9A080BE,La Cañada,comercial,comercial,44.648509984852275,False,True,True,0.13259692248105942,2022-10-04
T580C1D0E5A,Sin privada,comercial,comercial,48.71896315331644,False,True,True,0.29769979383085815,2021-12-16
T262047037E,La Noria,domestico,domestico,12.404779593020532,False,False,True,0.348660049382914,2021-12-16
T997FBB56CB,La Cañada,domestico,domestico,13.999724051485718,False,True,True,0.1189280144202788,2021-01-30
T488907BADA,Sin privada,domestico,domestico,23.887416014944698,False,True,True,0.3637356461623928,2019-03-13
T959B664297,Sin privada,domestico,domestico,11.559440487876472,False,True,True,0.22326978684176718,2023-12-09
TCE4FA87780,Sin privada,domestico,domestico,10.984338549990712,False,True,True,0.2117738161593892,2023-04-22
T6A6F416B64,Sin privada,domestico,domestico,14.841760157071198,False,True,True,0.2655482181646483,2020-08-12
T5C22EC11B8,Sin privada,comercial,comercial,46.98813991678013,True,True,False,0.1820124937084691,2020-12-22
T132EB7CE2B,Los Encinos,domestico,domestico,12.811726900967045,False,True,True,0.1480703973611767,2024-05-20
T011F73020E,Los Fresnos,domestico,domestico,15.860850545153266,False,True,True,0.15355769273195893,2019-11-20
T0197678D11,Los Fresnos,comercial,comercial,31.607914944081955,False,True,True,0.3834000257707184,2022-12-12
TBA58CFEBC6,La Noria,comercial,comercial,22.204633610363736,False,True,True,0.1561104833794327,2019-03-27
T78A401EEAD,Los Fresnos,domestico,domestico,16.23699150960517,False,True,False,0.3329686796299202,2023-11-29
TE33F90B286,Sin privada,domestico,domestico,12.816863086498145,True,True,True,0.4986961338701196,2024-03-22
T761C9E26E6,La Cañada,domestico,domestico,12.127054473450851,False,True,True,0.6502485279682481,2022-01-21
T65187CE62C,Sin privada,publico,publico,39.42707781504599,False,True,True,0.45760494537839486,2022-01-13
T6DD4962896,Sin privada,domestico,domestico,11.667411749874354,False,True,True,0.08842141971528499,2024-01-26
T57E5EAB9B8,El Pedregal,domestico,domestico,12.185925459237215,False,True,False,0.1701265674599828,2022-07-30
T0D1C506545,Sin privada,domestico,domestico,12.803136975752453,True,True,True,0.13384772068204198,2023-01-16
T16385BC409,Los Encinos,domestico,domestico,9.148768027373496,False,True,False,0.2868331150289267,2022-01-30
T703E749B16,Sin privada,domestico,domestico,12.287687359826649,False,True,True,0.17231116974366512,2019-12-11
TE03815B898,El Pedregal,domestico,domestico,17.810512279700944,False,True,False,0.2587817233508759,2023-06-08
T5EDC8CD764,La Cañada,domestico,domestico,13.4936879668793,False,True,False,0.17607549510550854,2019-05-18
T8A0E42EA46,El Pedregal,domestico,domestico,12.829598117873788,True,True,False,0.14348197075223312,2024-03-06
T58E4665FE8,El Pedregal,domestico,domestico,21.553284786348705,False,True,True,0.4803969783703804,2022-05-21
T45A3829C6C,Villa Serena,domestico,domestico,13.680963741726448,False,True,True,0.34644314904522805,2021-02-22
T0F2B41D96D,Sin privada,comercial,comercial,33.22613458613471,False,True,True,0.15920955167516118,2020-02-01
T45E4DAC832,La Cañada,domestico,domestico,14.273426419769926,True,True,False,0.45163456726502565,2019-06-02
TB308B5DC7A,Sin privada,domestico,domestico,14.68853039526046,False,True,True,0.21980815038141396,2024-06-22
T5A52BDFD5B,Sin privada,domestico,domestico,7.272160937651844,True,True,True,0.26497877787545543,2022-04-03
T3B6195226D,El Pedregal,domestico,domestico,16.378422171023406,False,True,False,0.06841625738563284,2024-04-27
TEF3ACC364D,Los Fresnos,domestico,domestico,11.551236315833991,False,True,True,0.2978791870849436,2023-04-03
T0E3944E1C7,Sin privada,domestico,domestico,12.6895301229559,True,True,True,0.21408061057851946,2021-07-23
TC5E02C2AE1,La Cañada,domestico,domestico,6.848139844412888,True,True,True,0.492555013656899,2022-08-02
T9C181CA6B2,Sin privada,domestico,domestico,15.670966620549915,False,True,True,0.15834170250573323,2022-03-07
T46D0D9FE06,Los Fresnos,domestico,domestico,11.783033403515194,False,True,True,0.34937682339615805,2019-01-07
T3763EE0258,Sin privada,domestico,domestico,9.75440819473595,True,True,True,0.2593933284796225,2023-11-14
TB6793708AF,Los Encinos,domestico,domestico,10.103947576438436,False,True,True,0.42146082520466976,2019-03-02
T02BF3919B7,Villa Serena,domestico,domestico,11.443728577262137,True,True,True,0.07756610041682496,2020-04-22
T61903D0C08,Los Encinos,domestico,domestico,11.049212487599105,False,True,True,0.5695903867718427,2020-10-21
T1540962193,Sin privada,industrial,industrial,76.75082282685298,False,False,True,0.17412563111321283,2019-09-30
TE8DF4BFC62,Sin privada,comercial,comercial,39.810743655096644,False,True,True,0.1411646038476502,2022-08-29
T97A5E4F98E,La Cañada,domestico,domestico,15.119718218109984,False,True,True,0.7794397393613282,2019-03-06
TB2B631F6DE,El Mirador,domestico,domestico,12.71727512353053,False,True,True,0.24307945213625218,2019-09-17
TFD4476DD46,Los Fresnos,domestico,domestico,24.64917466033673,False,True,True,0.2101545480170058,2019-11-13
T63AE43B763,Sin privada,domestico,domestico,24.676650571494115,False,True,True,0.10482887210257207,2020-11-07
TF7E0F3ADFA,Sin privada,domestico,domestico,3.0466258671284514,False,True,True,0.3658552817732321,2021-07-26
T9F3D4A99A8,Sin privada,domestico,domestico,5.438173865621934,False,True,True,0.1667116223032687,2019-09-14
T3AF0CA5142,La Cañada,industrial,industrial,45.65991940972169,False,True,True,0.20405684078599734,2021-06-29
T525C93E294,Las Palmas,domestico,domestico,9.142606387207378,False,True,True,0.12015623841666825,2024-06-18
TA60FF3309B,Sin privada,domestico,domestico,11.645052352757677,False,True,True,0.6431340308524118,2020-02-08
T6230F0F81A,La Cañada,domestico,domestico,11.887308976037126,False,True,True,0.05451442306382882,2020-11-06
T486DC7662A,Villa Serena,industrial,industrial,194.7754649937881,False,True,True,0.32049543647002665,2019-07-01
T0DD0FDF0BD,Sin privada,domestico,domestico,19.362652753574235,False,True,True,0.2734146423704394,2021-06-04
T81EEF6FCD3,Sin privada,domestico,domestico,12.14445080935136,False,True,True,0.2007151594830809,2020-07-30
T6269371CAA,Sin privada,domestico,domestico,8.904623929992688,True,True,True,0.07998077582244571,2023-11-09
TF7BDB30AC3,El Pedregal,domestico,domestico,29.064733998111194,False,True,True,0.15828033952765022,2019-02-16
TC1EBE75CAC,La Cañada,domestico,domestico,18.108818114420366,False,True,True,0.06747685726239543,2022-08-29
T0A0805FB46,Villa Serena,domestico,domestico,19.22580394551577,False,True,True,0.399056598306625,2022-08-12
T7C1EBC3C4C,La Cañada,domestico,domestico,19.319490321889855,False,True,True,0.38508761559792604,2019-08-01
TFB5558315C,Villa Serena,domestico,domestico,17.66197943013423,False,True,False,0.24757205779138844,2023-01-18
T4D34DCD6FE,Villa Serena,domestico,domestico,15.073126005643115,False,True,True,0.5858906242861446,2019-02-06
T8F2163E1AC,Villa Serena,comercial,comercial,25.6513498681094,False,False,True,0.33316027240758905,2021-01-05
T6D36EEA27E,Los Fresnos,domestico,domestico,14.338156055268115,False,True,True,0.36398339385537115,2021-12-06
TD718599337,Sin privada,publico,publico,39.172546869824416,False,True,True,0.3555813313529914,2022-12-03
TACFC1D584E,La Cañada,domestico,domestico,19.087056079903405,False,True,True,0.10467782306357529,2019-04-17
TE1CE4D9E5A,Villa Serena,domestico,domestico,14.934990986610568,False,True,True,0.30513613043664195,2024-02-15
TEEB9050E6F,Sin privada,domestico,domestico,22.678768746201357,False,True,True,0.18278440268057428,2020-08-31
T266175A7E1,Sin privada,domestico,domestico,23.123416794907275,True,True,True,0.3321753963622747,2020-05-04
T188F8436EB,Sin privada,domestico,domestico,8.584291137103287,False,True,False,0.23222307990352062,2023-10-05
TBF5EF4019A,Villa Serena,domestico,domestico,9.231062148539664,False,True,True,0.11420756245437315,2021-04-19
TF8038E3438,Villa Serena,domestico,domestico,10.504802465717443,True,True,False,0.485376925897966,2023-09-22
T14A35B501D,El Mirador,comercial,comercial,31.75769925032059,False,True,True,0.19851300076394404,2020-02-08
TACA1F6575E,Los Fresnos,domestico,domestico,11.238661985230177,True,True,True,0.3139552163862066,2021-08-24
T425CF74F89,Sin privada,domestico,domestico,2.0,True,True,True,0.2656846917014335,2023-06-25
T7E561E41DF,Las Palmas,domestico,domestico,15.921736456656893,False,True,False,0.14758689604284292,2022-12-14
TAE21909B09,El Mirador,domestico,domestico,12.090912794018351,False,True,True,0.2583982064497461,2023-01-23
TA49FD77129,El Pedregal,comercial,comercial,34.76864653556979,False,True,True,0.49323763315195085,2024-01-08
T83C53CBDE3,Sin privada,domestico,domestico,19.43880937924349,False,True,True,0.18334350478910283,2023-06-05
T8989E9F3E0,Los Encinos,comercial,comercial,23.41498646917221,False,True,True,0.0536934944662966,2023-04-23
T0E868A3F47,Los Fresnos,domestico,domestico,19.095797427372688,False,True,True,0.26278345853113366,2022-09-11
TAA4A146A6F,Las Palmas,publico,publico,12.013372218353986,False,True,True,0.521960276125729,2019-07-12
T929701588B,La Cañada,domestico,domestico,7.089350202045287,True,True,False,0.15891888665344517,2024-05-20
TCBA87E8F93,Los Fresnos,domestico,domestico,15.634515386016949,True,True,True,0.13264682867103794,2023-06-16
T71B2CE98BC,Sin privada,domestico,domestico,24.619470652807248,False,True,True,0.055513121507816836,2019-10-06
T3104E606FB,La Cañada,domestico,domestico,14.0076206987733,False,True,True,0.43926373553308323,2019-04-27
TC9C584B8EF,Los Fresnos,domestico,domestico,12.042136600434555,False,True,False,0.33797652449768145,2023-12-02
T42EAACA5A6,Villa Serena,domestico,domestico,14.179058641951015,False,False,True,0.09786763915462371,2022-02-23
T27CD292019,Villa Serena,domestico,domestico,21.12435064119605,False,True,True,0.46648699481978245,2023-08-18
T2631941D4D,Santa Teresa,domestico,domestico,19.200104449824494,False,True,True,0.39384562350611735,2023-07-27
TD6D0D046B5,Villa Serena,domestico,domestico,7.252810435342593,True,True,True,0.48955375104750126,2021-01-15
T930BCF26DA,La Cañada,domestico,domestico,16.07927196603028,True,True,True,0.17761528597003015,2020-02-16
T7A263D97A8,Sin privada,domestico,domestico,18.9838984305744,False,True,True,0.18831934383744092,2021-04-25
T84CC232045,Villa Serena,domestico,domestico,10.691697579422131,False,True,True,0.28383015557352237,2022-06-19
T1F7089E5B3,Sin privada,domestico,domestico,22.514942785917363,False,True,True,0.15502249236200905,2023-08-30
T6DD01C39D7,El Pedregal,comercial,comercial,31.007762134297675,True,True,True,0.31342029264873017,2019-05-16
TE3814F5946,Los Fresnos,domestico,domestico,8.650521014998095,False,True,True,0.23030704436073485,2024-01-19
T260F6D657D,Sin privada,domestico,domestico,15.112236957544269,False,True,True,0.43928645505278685,2023-12-23
TF9F158A927,Los Fresnos,domestico,domestico,17.23725311761413,False,True,True,0.11985467788324924,2024-03-15
T2A78E596A5,Villa Serena,domestico,domestico,19.807275632407393,False,True,True,0.020991176200934502,2020-10-02
T48829C6681,Los Fresnos,domestico,domestico,16.664385518938186,False,True,True,0.2782330266392772,2023-12-05
T5446AB5D4F,Sin privada,domestico,domestico,9.724677334010437,False,True,True,0.4506045096810488,2019-05-18
T6FEE2A0A85,Villa Serena,domestico,domestico,10.81435063933972,False,True,True,0.6520475954909645,2020-10-04
T37BA3005AD,La Cañada,domestico,domestico,20.11792683374427,False,True,True,0.2064494942960421,2021-05-16
T599538981A,La Cañada,comercial,comercial,48.355916707855435,False,True,True,0.32973214201436385,2020-04-05
TC1FE3D7E79,Las Palmas,domestico,domestico,17.268436720858176,False,True,True,0.23519040840418567,2020-07-28
TAB633F4546,Sin privada,comercial,comercial,16.198038004809476,False,False,True,0.13828232625726103,2023-02-24
TEF123948C4,Los Fresnos,domestico,domestico,9.8808507179024,False,True,True,0.08575600462990395,2019-01-03
T50EA3E30B0,El Mirador,domestico,domestico,12.10721191826347,False,True,True,0.5417414009457622,2023-10-17
T10E8B50E63,Los Fresnos,comercial,comercial,32.86276090054842,True,True,True,0.21755787007273747,2023-05-05
T75445AB825,Sin privada,domestico,domestico,12.213087154510989,True,True,True,0.15378673167226786,2021-08-08
T9AEC04CEE6,Villa Serena,domestico,domestico,9.99105688618216,False,True,True,0.2087978629797963,2022-04-05
TE59C7E0558,El Pedregal,domestico,domestico,9.399072841567428,False,True,True,0.23219338261114247,2020-02-23
T017F5CC857,La Cañada,domestico,domestico,20.150624432218994,False,True,True,0.055121329922466974,2019-03-30
T5740214D00,Los Encinos,domestico,domestico,5.168954164850971,False,True,True,0.08376866825527877,2020-03-11
TA54FDBC969,Los Fresnos,comercial,comercial,38.55913548231567,False,True,True,0.36909039903834373,2020-09-21
T79348D1D8C,El Pedregal,comercial,comercial,57.023179999283286,False,True,False,0.34948728778507493,2024-06-22
T0C38B9638D,Sin privada,comercial,comercial,25.41859800080722,True,True,True,0.250604900890213,2022-10-22
TF8CD7DEDDA,San Miguel,domestico,domestico,18.02351086853174,False,True,True,0.07024159483757714,2023-11-02
TD4AA44C620,La Cañada,domestico,domestico,17.550292603832034,False,True,True,0.1461260156974599,2024-03-25
TBA22021045,El Mirador,publico,publico,58.021712847222574,False,True,True,0.06392302041535843,2023-08-07
TAE4991C39A,Villa Serena,domestico,domestico,14.597081379485342,True,True,False,0.4827331279987324,2022-10-28
T926427EC22,Sin privada,domestico,domestico,13.555606170601282,False,True,True,0.3983816083194371,2021-06-03
T03F3726F54,Los Fresnos,domestico,domestico,12.146643422717098,False,False,True,0.31483547231421827,2023-02-28
T9C5C1B51E6,Los Fresnos,domestico,domestico,19.292813169815158,False,True,True,0.18744447477616316,2020-09-22
TAB67F85714,Los Fresnos,domestico,domestico,16.82702505561728,False,True,True,0.5147484283329166,2023-12-01
T021E4A2B45,Sin privada,domestico,domestico,12.390613106394344,False,True,True,0.4386140992069676,2019-06-30
T9C284C6EDE,Los Fresnos,domestico,domestico,17.35210696138831,False,True,True,0.2388057564568767,2020-06-16
TE5AE06739E,El Pedregal,domestico,domestico,14.345732786701591,False,True,False,0.30208860391815484,2023-01-26
T01F422D988,La Noria,domestico,domestico,10.291891425747194,False,True,True,0.16469972328451263,2021-10-18
T812E69DF24,Sin privada,comercial,comercial,53.99645699229099,False,True,False,0.3099583811404028,2019-08-16
T1753290875,Villa Serena,domestico,domestico,15.558972614181355,False,True,True,0.3595248208575991,2021-07-09
T6453265506,La Cañada,industrial,industrial,115.72663267490466,False,True,True,0.09290029597570096,2020-10-31
T3DCE54CBCD,La Noria,domestico,domestico,9.139171659726788,False,True,True,0.06292880732080354,2021-03-15
T25A59C1230,Sin privada,comercial,comercial,24.830412324117702,False,True,True,0.48124690036802165,2021-04-03
T7149DBE7E7,Villa Serena,comercial,comercial,33.476872168642146,False,True,True,0.2550983864728972,2021-11-29
T17B01CE93D,Sin privada,domestico,domestico,12.541387178150877,True,True,True,0.12010208051811806,2023-03-23
T2A7B7C0706,El Pedregal,domestico,domestico,14.334995038266552,False,True,True,0.4408459874757628,2023-06-14
TA2A12750E0,Los Encinos,domestico,domestico,11.540172368653707,False,False,True,0.7198864254837322,2020-01-17
TCDF5CCF9D1,Sin privada,domestico,domestico,18.40222404416718,False,False,True,0.3857145160902917,2023-10-07
T136877D852,Villa Serena,domestico,domestico,19.864774884229924,False,True,True,0.4332174836801954,2021-07-09
TD93E7F3525,Sin privada,domestico,domestico,7.5662670011681685,False,True,True,0.4061378464230394,2024-04-21
T9E698DAD97,Villa Serena,domestico,domestico,15.45123316252353,True,True,True,0.5606661294596238,2021-07-13
TA7CD008CD2,Sin privada,domestico,domestico,23.10650800556701,False,True,True,0.14894975995788878,2020-09-15
TB5E2F0D295,Sin privada,domestico,domestico,11.295844296116076,False,True,True,0.47019802696364593,2020-09-08
T886651EB56,Los Encinos,domestico,domestico,22.90887850014612,False,True,False,0.43904069935794,2019-06-24
T726E26C014,Los Encinos,domestico,domestico,6.4954544606803095,False,True,True,0.26427225828944284,2019-08-06
T47801013F9,Sin privada,domestico,domestico,16.769464513485136,False,True,True,0.20495248805090371,2019-12-07
T7B44E5C01C,El Pedregal,domestico,domestico,4.09583809590322,False,True,False,0.3482589230268992,2020-05-07
T06E1B5C91E,Los Encinos,domestico,domestico,11.950403466091982,True,True,True,0.1357484623744179,2023-12-28
TBD7AFAA9AB,Sin privada,domestico,domestico,17.38432490870324,True,True,True,0.6655788602609474,2022-01-28
T3A8AE15DE9,Sin privada,domestico,domestico,10.176825576847698,False,True,True,0.4153621760444364,2024-02-17
T90FCBE8560,Sin privada,domestico,domestico,12.342086657768188,False,True,True,0.16294115425998737,2024-02-07
T6B76BCDCC8,Los Fresnos,comercial,comercial,48.64791472037835,False,True,False,0.2000562531942185,2023-08-01
T6B61D786E8,El Pedregal,domestico,domestico,11.845035393027274,False,True,True,0.4539473040688387,2019-01-09
TD8B8E83F9D,El Pedregal,domestico,domestico,13.50240660244527,False,True,True,0.46037605771225765,2021-01-27
T353F39960E,Sin privada,domestico,domestico,7.118381766855602,False,True,True,0.40128288635029497,2021-01-10
TC44518846F,Sin privada,domestico,domestico,16.39835868354201,False,False,True,0.24018155590024068,2020-09-20
T3DBD424B8F,Sin privada,domestico,domestico,11.185244404316805,False,True,True,0.3440138264905233,2021-01-17
TB8E4E6CA4C,El Pedregal,comercial,comercial,37.039580178172535,False,True,True,0.36444766603463485,2022-11-07
T54630B6404,Sin privada,domestico,domestico,17.045909404252626,False,True,True,0.5810587430919001,2021-11-01
T71623730B1,Sin privada,domestico,domestico,12.945797662108685,False,True,True,0.3037225172866987,2021-03-03
T7436A106AE,San Miguel,domestico,domestico,9.376268613961999,False,True,True,0.25110157303193453,2019-12-21
T6191B8FD69,El Pedregal,domestico,domestico,10.383516410340906,False,True,True,0.20548348334837213,2023-03-22
TBA7727A83B,Sin privada,domestico,domestico,10.843432821236798,True,True,True,0.18928997392392313,2020-03-22
T66B24DDB8C,Villa Serena,domestico,domestico,14.166270424389381,False,True,True,0.507357176536133,2023-10-25
T0EAA0EDBAF,Los Fresnos,domestico,domestico,28.51221645997056,False,True,False,0.1927954694937087,2024-03-11
TDCBC842E3A,San Miguel,domestico,domestico,23.52117422689558,False,True,True,0.3691728618141332,2023-08-04
T305BACE840,Los Encinos,domestico,domestico,17.075542752147832,True,True,True,0.5773911107702967,2022-09-12
TAD0E244201,Sin privada,domestico,domestico,20.611144151288215,True,True,False,0.1832403572054732,2023-08-17
T824A68B378,Sin privada,comercial,comercial,5.561879055331975,False,True,True,0.18097884745616416,2020-06-07
T9F72B39B89,Sin privada,domestico,domestico,9.201175195032794,False,False,True,0.38986367334378236,2022-01-18
T0380D1AD85,Sin privada,domestico,domestico,18.63581558684707,True,True,True,0.1482502557299656,2022-07-27
TD58AFBB420,Santa Teresa,publico,publico,51.42167261142126,False,True,True,0.10282053087481648,2021-03-17
TB1A6FA6009,La Cañada,domestico,domestico,10.968985636143515,False,True,True,0.4366007023188126,2021-08-10
TB95EB354D9,Sin privada,domestico,domestico,20.005265079270895,False,True,True,0.12880081220160644,2019-04-09
T6EBEC2B9E3,El Mirador,domestico,domestico,11.351754777411008,True,True,True,0.44777156271060653,2020-05-09
TCBAFB86C54,Los Fresnos,domestico,domestico,11.817546005470335,False,True,False,0.2692325862771502,2020-05-25
T2D884BEE59,La Cañada,domestico,domestico,18.71674457829664,True,True,False,0.11234490600543223,2019-03-02
T81E3CAC404,La Noria,domestico,domestico,7.449873469172214,True,True,False,0.28061977186269094,2024-01-21
TB13246DF04,La Cañada,comercial,comercial,55.18048837452639,False,True,False,0.04360831647313126,2021-05-04
T38FC29870C,El Pedregal,domestico,domestico,7.792889403110994,False,True,True,0.261420443503641,2023-03-21
T0B952300A6,Villa Serena,domestico,domestico,15.168519637257866,False,True,True,0.4221341339806469,2021-08-24
T592EE5AE5A,San Miguel,domestico,domestico,13.166649351768228,False,True,False,0.09865023165468029,2023-08-01
T8AB7B992DC,Sin privada,domestico,domestico,10.35095130592773,False,True,True,0.2882680137330579,2023-02-24
TE13531501B,Sin privada,domestico,domestico,11.831567919742382,True,True,True,0.2770916493823439,2023-12-23
T603C6A7DDF,Sin privada,comercial,comercial,49.27850095596849,False,True,True,0.18104122387160548,2019-08-23
T9B1CF87E17,Sin privada,domestico,domestico,15.6952749677568,False,True,True,0.37925850508231784,2019-03-28
T7E47E27FFB,Los Encinos,domestico,domestico,12.075586433070505,False,True,True,0.38076737749202216,2021-04-24
T2FE3E18EED,El Mirador,domestico,domestico,13.059655681151288,False,True,True,0.23728275646057942,2024-06-06
T518FD2CD05,Sin privada,domestico,domestico,14.145532229238459,False,True,True,0.3390230099215191,2019-12-09
TCA03B52F53,El Mirador,domestico,domestico,13.57857990852562,False,True,True,0.3279944517370365,2021-11-15
TC97F0C81C8,Los Fresnos,industrial,industrial,123.7708406287779,False,False,True,0.35741393872897054,2019-02-14
T5825BB17FC,Santa Teresa,comercial,comercial,45.56094123456764,True,True,True,0.1691198639603234,2023-03-23
TC5E185C6E8,Los Fresnos,domestico,domestico,11.927161010323474,False,True,True,0.06129666997352662,2024-04-06
TEAD9E81003,Villa Serena,domestico,domestico,13.696664994953677,False,True,True,0.3386842298970945,2019-01-09
TE23D5A574A,Sin privada,domestico,domestico,10.633442026651705,False,True,True,0.2968395459800938,2022-11-16
T04048D53A3,La Cañada,domestico,domestico,7.357214471814631,False,True,False,0.2585753736195644,2019-05-20
TE1AA9E77A7,El Mirador,domestico,domestico,4.542706457864224,False,True,False,0.37846619091229766,2022-04-08
TC54C99BA73,Sin privada,publico,publico,32.829950364494785,False,True,True,0.1468044811181745,2022-10-17
T013C0F8B57,Los Fresnos,domestico,domestico,13.485302344838543,False,True,True,0.033645552479462285,2022-05-05
T3C23C0A42C,Sin privada,domestico,domestico,18.706468243381774,False,True,False,0.3536631602672462,2021-09-14
TEDB2598366,El Mirador,domestico,domestico,11.700700932223928,False,True,False,0.2453471187035968,2019-11-21
T03D524AC98,Sin privada,domestico,domestico,12.985129444335438,False,True,True,0.08628042690739743,2020-02-23
T9B658694D7,La Cañada,domestico,domestico,20.68581274968089,False,True,True,0.2635626195807872,2023-07-24
T827DB403EF,Las Palmas,domestico,domestico,2.590339278391257,False,True,True,0.13018307164656778,2023-03-26
TD5960FA89C,Villa Serena,domestico,domestico,14.769538796367994,False,True,True,0.5700976066899842,2019-06-07
TEB9CD6778B,El Mirador,domestico,domestico,15.089653829398557,False,True,True,0.49450004871190395,2020-06-14
TCFB896C903,Sin privada,domestico,domestico,11.370808456644308,False,True,True,0.20746661809164474,2022-06-09
T4EBE5132B6,Los Fresnos,domestico,domestico,15.100783881468843,False,True,False,0.6223366058146785,2024-02-03
TD6D7800440,Los Fresnos,domestico,domestico,11.254165592033544,False,True,True,0.47047620465436063,2022-06-10
TB1AE49FA20,Villa Serena,domestico,domestico,8.701430099279923,False,True,True,0.2928075984987887,2021-06-10
TF4940B0970,Sin privada,domestico,domestico,11.428492347216835,False,True,True,0.3639049037298912,2022-05-01
T6492EC951E,El Mirador,comercial,comercial,44.89826663005319,False,True,True,0.12070681357175421,2022-06-09
T5B2FD74A85,Villa Serena,domestico,domestico,18.948079238159437,False,True,True,0.2994037003292754,2023-10-24
TCF1A6CDF80,Sin privada,domestico,domestico,15.556114829369125,True,True,True,0.28200416611533163,2019-05-12
TBA965CD37E,Sin privada,domestico,domestico,12.581149542471898,False,True,True,0.6493529590476449,2020-10-01
T8917AF33E8,Sin privada,comercial,comercial,62.92890779029706,False,True,True,0.212399618497141,2024-03-10
T4F696F6C0E,El Pedregal,comercial,comercial,16.399445895910272,False,False,True,0.18966993857042885,2021-03-04
TFB9BD0FCA4,El Mirador,comercial,comercial,30.403150570720392,True,True,True,0.2517596906762515,2024-02-04
T6372E1147F,Sin privada,domestico,domestico,15.672176056915232,True,False,True,0.11545462378965687,2022-02-24
T8B4FC280C2,Sin privada,domestico,domestico,11.329749826377515,False,True,True,0.11920372262490575,2022-05-20
T0AF0DD2FE5,El Pedregal,domestico,domestico,11.361767553344796,False,True,True,0.2471433920229143,2022-12-20
T9BABD62590,Sin privada,comercial,comercial,46.26954153945081,False,True,False,0.46696379819253514,2022-05-08
TBBD0028CDB,Sin privada,domestico,domestico,13.017068317932125,False,True,True,0.17861701785042602,2020-10-16
T30E453AB34,Sin privada,domestico,domestico,12.745777820139365,False,True,True,0.0884454186992212,2022-05-09
T7DC59256DC,Los Fresnos,domestico,domestico,25.915225857872986,False,True,True,0.22478909369370334,2021-06-15
TCC371206BC,El Pedregal,domestico,domestico,11.89078774137825,False,True,True,0.287923873822762,2022-02-05
TDEF092A4C5,El Mirador,domestico,domestico,10.640249101037385,False,True,True,0.43324145223632166,2021-03-26
TE13FCEC631,Los Encinos,domestico,domestico,14.715890612033956,False,True,False,0.4766268349050099,2020-04-10
T7C3F6A8162,Los Fresnos,domestico,domestico,19.56039183864693,False,True,True,0.1802123360760475,2019-08-20
T0F4A3A74ED,Villa Serena,domestico,domestico,18.561408644976954,False,True,True,0.28512159246519714,2020-12-12
T5BEF82BC17,Sin privada,domestico,domestico,13.616332775677646,False,True,True,0.5344194090512919,2019-05-18
T07AC5856A4,La Cañada,domestico,domestico,11.23215880926874,True,True,True,0.4867597141201803,2024-03-30
T0185184B59,Sin privada,domestico,domestico,12.316628204257695,False,True,True,0.22142982896754482,2021-02-19
T79F8E1FAE8,Villa Serena,domestico,domestico,13.49237988960072,False,True,True,0.3342008784591952,2021-03-24
T4D40D256FE,La Cañada,domestico,domestico,22.950294202006045,False,True,True,0.2288970068918337,2023-01-17
TE74495FCDD,Sin privada,domestico,domestico,11.340835715300756,False,True,True,0.5028791087460809,2022-04-22
TAD9ED625D1,El Pedregal,domestico,domestico,16.216295416122442,False,True,False,0.43007330806881033,2022-02-26
TE7328B9E12,Sin privada,domestico,domestico,5.801137426026246,False,False,True,0.5347845645491459,2020-08-04
T5FC1C50126,Villa Serena,domestico,domestico,25.644943782595284,False,False,True,0.33373701781979803,2019-10-12
T203C71CAC2,Los Encinos,domestico,domestico,17.704539933493955,False,True,True,0.38941435102590655,2021-12-09
T1D1F227112,El Mirador,domestico,domestico,16.08286738229526,True,True,False,0.12277786546314658,2023-06-03
TF62BDC6E96,La Noria,comercial,comercial,18.257071055343623,False,True,True,0.48601049831121274,2021-10-06
T5D35014BC6,Villa Serena,domestico,domestico,6.907824468229703,False,True,True,0.5219558229272644,2019-03-30
T9C80DA594D,Sin privada,domestico,domestico,8.875783443424172,False,True,True,0.04259920340481811,2021-05-12
T575100FEE6,Los Encinos,domestico,domestico,27.163150509342575,False,True,True,0.08517742320238643,2021-05-20
TFF833858D4,La Cañada,domestico,domestico,10.16659143312793,False,True,True,0.22964006904310394,2024-03-19
T44C452513D,Sin privada,domestico,domestico,16.554411836447574,False,True,True,0.033884088909456385,2020-09-29
TC11C4F89B7,Los Fresnos,domestico,domestico,20.867694358056703,False,True,True,0.19118511575847838,2022-03-02
T519E11C12F,Sin privada,domestico,domestico,11.814869097932565,False,True,True,0.248361256384456,2019-03-03
T1D1C3809AD,Sin privada,publico,publico,41.116477955686435,True,True,True,0.5137971263316684,2020-07-30
T2F89E8ED6F,Sin privada,domestico,domestico,16.67439816626318,False,True,True,0.1459928951627151,2023-01-10
TED624C9B29,La Cañada,domestico,domestico,15.94149340081067,False,True,True,0.660162539354537,2020-09-29
T80599540B9,Sin privada,domestico,domestico,27.081438540027378,False,True,True,0.28975720926399307,2021-05-23
T99F86EAA03,Villa Serena,domestico,domestico,21.119746810441992,False,True,False,0.1334294125451689,2023-08-07
T48E474E620,Los Fresnos,domestico,domestico,16.366425212992343,False,True,True,0.16877895476919375,2021-08-23
T62F138B69F,El Mirador,domestico,domestico,18.600480200395843,True,True,True,0.37014647814196694,2022-11-13
T0ABCC73F5F,La Cañada,domestico,domestico,10.443596979482258,False,True,False,0.22827363230296077,2020-09-21
T451A03E5F4,Los Encinos,comercial,comercial,31.704303634913757,False,True,True,0.19640851675625837,2022-10-05
T28A5C3A212,La Cañada,domestico,domestico,9.249818305546098,False,True,True,0.5795700565394587,2022-05-24
T9BF23AC92B,Sin privada,comercial,comercial,14.39894850091261,False,True,True,0.30691613563559983,2022-07-08
T8D847ABAD5,Sin privada,domestico,domestico,8.425696930041964,True,True,True,0.22016790340440826,2019-04-08
T79AD100612,Villa Serena,domestico,domestico,19.599144524864947,False,True,True,0.25127918314489683,2024-04-06
T595C48877B,Los Fresnos,domestico,domestico,18.198633266779492,True,True,True,0.03515316698106509,2019-10-14
T7E1F631507,El Pedregal,domestico,domestico,15.404247431584631,False,True,True,0.25143148215505084,2019-08-17
T7CEE29F570,El Pedregal,domestico,domestico,9.849324698288104,False,False,True,0.23078215949725672,2022-11-13
TB28F8F08F4,La Cañada,domestico,domestico,10.634449921730322,False,True,True,0.7577232186380111,2023-07-14
T741A1119FA,Sin privada,domestico,domestico,19.53287432949562,False,True,False,0.3278298944098659,2019-02-17
T26862D1A4A,Villa Serena,comercial,comercial,37.70658236223016,False,True,True,0.12011641753496774,2019-09-28
TCB96D14BFD,Sin privada,domestico,domestico,12.18385169137491,False,True,True,0.41874640186062767,2023-08-18
TF07D19AE17,Villa Serena,publico,publico,33.63850542001718,False,True,False,0.16721484737257505,2020-01-05
T7AE1E63696,Los Fresnos,domestico,domestico,10.966535761195306,False,True,True,0.14508579794874693,2023-08-13
TEA687BEEC8,Los Encinos,domestico,domestico,13.55211091134098,False,True,True,0.49648389801166587,2019-07-28
T5C97BD73CE,Los Fresnos,domestico,domestico,16.657047522229334,False,True,True,0.11370720435617836,2021-01-29
T64DF103F27,Los Fresnos,domestico,domestico,10.819486877454263,False,True,False,0.2544262211711411,2021-11-08
T962D5133B5,Sin privada,domestico,domestico,17.629272127232216,False,False,True,0.24863895891943566,2023-11-03
TFAE2AFD636,Sin privada,domestico,domestico,7.866122107153755,False,True,True,0.24057882139301412,2019-01-21
T8237A9AE83,Sin privada,domestico,domestico,14.584591326598527,False,True,True,0.2737331777392054,2023-09-06
T124789ED12,Villa Serena,domestico,domestico,8.02390467905484,False,True,True,0.2022637458729525,2021-06-21
T77D8F1F07B,Los Fresnos,publico,publico,45.384735538806,False,True,True,0.22405414366968432,2020-11-22
T88E01EE6A9,El Pedregal,domestico,domestico,20.33416354125736,False,True,True,0.4283676900673144,2023-02-27
TCCA2F0E6D1,La Noria,domestico,domestico,14.475109307240478,False,True,True,0.7358666040749682,2021-06-23
TE7C4074532,Sin privada,comercial,comercial,26.33517445345793,False,True,False,0.25637339473402343,2022-06-26
TE08ACE6D71,Sin privada,domestico,domestico,19.694523237618213,True,True,True,0.13961846394222643,2021-12-29
TF5AB4BC37D,Villa Serena,domestico,domestico,15.194640856352581,False,False,False,0.18354155624487162,2019-04-27
T31A37C291B,Sin privada,domestico,domestico,12.297193934445573,False,True,True,0.660336629435171,2020-04-11
T85072A41C6,Los Encinos,domestico,domestico,10.382966191925494,False,True,True,0.176170671980696,2019-05-08
T3DB8E8C91B,San Miguel,domestico,domestico,11.831894989675803,True,True,True,0.24578599233993786,2021-09-21
T1F21C0A526,Los Encinos,domestico,domestico,20.22540061694166,False,True,True,0.4972199025084222,2020-12-19
TC653350390,La Cañada,domestico,domestico,11.137589481448826,False,True,True,0.1639628404145863,2019-08-10
TF357DF2C85,Las Palmas,domestico,domestico,19.218428395534623,False,True,True,0.321067413333985,2022-10-05
TC2B54F643A,El Pedregal,domestico,domestico,11.015508750497412,False,True,True,0.19730446256969197,2019-04-19
T62A907AFA1,El Pedregal,domestico,domestico,9.476631983614032,False,True,True,0.09787337979073855,2021-12-26
T9B926E1A60,El Pedregal,domestico,domestico,9.867647178241523,False,True,True,0.3181055297695312,2024-04-30
T95A557D58C,San Miguel,industrial,industrial,160.4695116423408,False,True,True,0.4763743477645958,2022-10-01
T4FD73F8DF8,Sin privada,domestico,domestico,9.375872926737514,False,True,True,0.01,2019-09-21
TAA9E781779,Villa Serena,domestico,domestico,11.978753790721164,True,True,True,0.3541154376806977,2021-01-03
T5AB667FA59,Santa Teresa,domestico,domestico,21.56859355091038,False,True,True,0.15297052483297288,2020-01-06
T2FB8838715,Sin privada,domestico,domestico,17.324603610624465,False,True,True,0.7744278718062482,2024-02-18
TDC0B728E72,Los Fresnos,comercial,comercial,59.70568406617744,True,True,True,0.27425823049611303,2019-08-15
T500E1E73A5,Sin privada,domestico,domestico,11.433645758651256,True,False,True,0.2239678824732836,2019-07-05
T518D652731,La Cañada,domestico,domestico,20.027287082127057,True,True,False,0.11699576792200349,2020-10-21
T5F78380FF1,Sin privada,domestico,domestico,12.144032172804755,False,True,True,0.2091546461936164,2020-07-19
T2269F4C04A,El Pedregal,publico,publico,44.571299167011816,True,True,True,0.2249899046589781,2022-05-27
T75D0C6EEF9,La Cañada,industrial,industrial,118.90873210264185,False,True,True,0.33253035643993245,2019-10-19
T08C84C6180,Sin privada,domestico,domestico,18.694849686190125,False,True,True,0.03626969736597422,2022-07-02
TBE3328794F,Villa Serena,domestico,domestico,8.469408398078164,False,True,True,0.6295391630404477,2023-08-25
T7BF732B1D4,Los Encinos,domestico,domestico,12.610422079273492,False,True,True,0.22882590821228332,2019-10-03
T680C591820,Sin privada,domestico,domestico,6.182294441642147,False,True,False,0.12610318066177412,2022-11-08
T87B30A11CA,Sin privada,domestico,domestico,12.347775813058302,False,True,True,0.027774419842807804,2020-08-16
T2C69DDD554,Los Fresnos,comercial,comercial,44.907466347131816,False,False,True,0.42854174187665134,2022-03-18
TB5DCDB3D2B,Villa Serena,domestico,domestico,7.574480795464181,False,True,False,0.12187401489737847,2022-09-19
TF1BF705581,San Miguel,domestico,domestico,18.743427373837534,False,True,True,0.4523764900655992,2020-08-22
T7861C2062B,La Cañada,publico,publico,31.20949968519089,False,False,True,0.3105575596768824,2024-01-03
T3E7A117328,Sin privada,domestico,domestico,15.87365232301727,False,True,False,0.06720857841499513,2021-09-19
T626DE7D352,La Cañada,comercial,comercial,56.010364256159505,False,True,True,0.16839045359945837,2020-06-19
T30CED3EF6B,Los Fresnos,domestico,domestico,19.790731250340947,False,False,True,0.3756155042962587,2022-12-25
T6F621D315F,Los Encinos,domestico,domestico,23.511966760021625,False,True,True,0.19064770571392944,2019-09-25
T5AEAFABEEB,El Pedregal,domestico,domestico,11.736572826925702,True,False,True,0.15265696935801082,2023-12-22
T6E1A658692,Los Encinos,domestico,domestico,16.687762759536685,False,True,True,0.43491197208958976,2021-06-17
TDFD739AFF7,Sin privada,domestico,domestico,13.215261027304063,False,True,True,0.274818989009023,2023-03-05
T0E7497BE87,Los Encinos,domestico,domestico,10.966480302241164,False,True,False,0.5587727160356438,2023-10-27
T63245D9338,Sin privada,domestico,domestico,20.938227120593805,False,True,True,0.11331900937247306,2019-09-16
T2FC1A9FEB9,Los Fresnos,domestico,domestico,16.797354478562198,True,True,True,0.5369509262420695,2020-04-19
TE5572E3B77,Sin privada,domestico,domestico,7.362842267797882,False,True,False,0.35698035392021477,2022-01-12
T93AE74FC8C,El Pedregal,domestico,domestico,16.777935283709557,False,True,True,0.19615499313843282,2020-07-19
TCE4F3C1854,Sin privada,domestico,domestico,29.56310452851804,True,True,True,0.5621584789477042,2023-06-10
T623FDA0FEC,Los Fresnos,domestico,domestico,17.99199360491579,True,True,True,0.3337187517897957,2019-10-19
T6FCD9FC327,El Pedregal,domestico,domestico,6.476474645634382,False,True,True,0.060695606424788016,2019-11-03
T26D49D2B10,Sin privada,domestico,domestico,22.9755008882559,False,True,True,0.21976864928234105,2024-03-06
T6B0F45148F,Las Palmas,publico,publico,83.32720772072133,True,True,True,0.2035042554904483,2019-03-19
T5DA6DABC22,Los Encinos,domestico,domestico,14.361211355625597,True,True,True,0.12808697345047237,2020-12-05
T4C0FAA9237,Los Fresnos,domestico,domestico,18.811919827441073,False,True,True,0.36510602854877666,2024-02-18
T629B85F6AE,La Cañada,domestico,domestico,16.953745000519376,False,True,True,0.05535749767999047,2020-05-13
TE6221DA147,Sin privada,domestico,domestico,11.028332000323395,False,True,True,0.3991652593032146,2021-07-29
T7092CB932F,Sin privada,domestico,domestico,17.630782580143507,False,True,False,0.07239401015266796,2019-02-18
T38F3AD60D6,Sin privada,domestico,domestico,20.0427700035715,False,True,False,0.2943306938720713,2019-07-16
T051D6304AA,La Cañada,domestico,domestico,11.798153243128306,False,True,True,0.23260377562583526,2022-05-21
T1677509027,Villa Serena,domestico,domestico,16.23950794641898,False,True,True,0.16577550354276416,2024-04-17
TCE43CAAFDD,La Cañada,domestico,domestico,12.053533001727578,True,True,True,0.24750843086777988,2021-12-01
TD6051C60DD,Sin privada,comercial,comercial,34.824859589084305,False,True,True,0.26220064210191363,2022-01-27
TD81C7B0AC7,Sin privada,domestico,domestico,14.86012114542702,True,True,True,0.39486215009190045,2024-03-07
TEB9B6A4FBC,Las Palmas,domestico,domestico,13.8062599402504,False,True,True,0.12332731866968401,2020-01-23
T8E67D26322,Sin privada,domestico,domestico,19.270228500106633,False,True,False,0.35447216696924394,2023-10-14
T0E8259349E,Sin privada,domestico,domestico,16.469585753348603,False,True,True,0.2695275140916644,2020-04-15
TEC586A8374,Sin privada,domestico,domestico,12.840126418190083,False,True,True,0.15806080261623487,2020-07-23
T1E40F3A239,El Pedregal,domestico,domestico,11.839296695907528,False,True,True,0.39158065685633037,2024-06-14
T716C530DED,El Pedregal,domestico,domestico,16.294761325782574,False,True,True,0.2931439422225178,2021-02-16
T7562476AEF,Los Encinos,comercial,comercial,22.45378602763592,False,True,True,0.22675794902936314,2021-12-16
TB460453C4D,Villa Serena,domestico,domestico,15.978044602505662,False,True,True,0.24030532177163988,2020-11-27
T4A69C0BA6F,Los Encinos,domestico,domestico,20.26398183103094,False,True,True,0.14012008260136552,2019-02-20
TB3006B8F03,La Noria,domestico,domestico,12.387575889112606,False,True,False,0.29384761987880437,2024-02-17
TED3E393477,El Pedregal,domestico,domestico,20.946214533978445,False,False,False,0.4025479416951286,2019-10-29
TA014F1FF15,El Pedregal,domestico,domestico,14.058765707832475,False,False,True,0.6325083155484625,2019-01-17
T08D24C843D,El Pedregal,domestico,domestico,22.791579041478407,False,True,True,0.4089990106641782,2023-05-27
T328C38D103,Los Fresnos,domestico,domestico,19.690143050891884,False,True,False,0.2502239306409891,2019-11-07
T5D52776F44,El Pedregal,domestico,domestico,8.67441769795148,False,True,True,0.36314919527802997,2021-09-02
T350C7F0CAD,San Miguel,domestico,domestico,13.316705187053602,True,True,True,0.08984312280306071,2020-04-10
TE4BF83F9A5,Los Fresnos,domestico,domestico,25.813635940445057,True,True,True,0.6149025063203599,2021-10-25
T363192FB18,Villa Serena,domestico,domestico,19.3759916143415,False,True,True,0.10546007458355616,2023-03-26
TE7D390D6E1,Los Fresnos,domestico,domestico,18.52975997927684,False,False,True,0.21347218303514806,2019-04-09
TEAED0D702E,Villa Serena,domestico,domestico,14.961046299714193,True,True,True,0.28745736844011827,2024-03-01
T76D2631BBE,La Cañada,domestico,domestico,15.093858102813918,False,True,True,0.24941488973158477,2022-11-19
T41D9DAD65E,La Cañada,domestico,domestico,11.744138295623479,True,True,False,0.256745049711897,2023-07-03
T4FB688BCF2,Sin privada,domestico,domestico,17.63939723076325,False,True,True,0.2999954347466516,2022-09-05
T49C247A691,Sin privada,domestico,domestico,17.904730309729587,False,False,True,0.5613086275505319,2021-05-02
TAD97E4B580,La Cañada,domestico,domestico,17.2552013271957,False,True,True,0.19034600096972032,2019-10-24
TA6D3C701E5,Sin privada,domestico,domestico,15.307415550178511,False,True,True,0.1767402597182152,2019-09-23
T1629374829,La Cañada,comercial,comercial,36.192609462131294,True,True,True,0.0714898009134826,2023-04-08
TE380DFCDD5,Villa Serena,domestico,domestico,14.591719850408001,True,True,True,0.2922891228896677,2020-12-20
TC71E645A97,Villa Serena,domestico,domestico,15.10764587416587,False,True,True,0.21306692986199052,2021-09-20
T3B2D063348,Las Palmas,domestico,domestico,7.596354512732265,False,True,True,0.5152907947819023,2023-06-05
T6B0703F297,Los Fresnos,domestico,domestico,11.588418830369697,True,True,True,0.05695329970979527,2021-12-16
T2442BBD224,Sin privada,domestico,domestico,14.70527450181639,False,True,False,0.4755956028633832,2019-01-28
T94AEE9D59A,Sin privada,domestico,domestico,9.263384899296863,False,False,True,0.5923675690106183,2021-07-24
TC36C8FB548,El Pedregal,domestico,domestico,9.6715878331353,False,True,True,0.5775549849689886,2020-01-09
TEA6C60108F,El Pedregal,comercial,comercial,45.91800763210051,False,True,True,0.5024609350704036,2023-07-03
T5D0DA4A5A3,El Pedregal,domestico,domestico,15.274080005647686,False,True,True,0.3787406935623936,2023-01-27
TCE2F3968A5,Los Fresnos,domestico,domestico,18.069081216203976,False,True,True,0.6226789804355011,2019-09-21
T3290CE40ED,Villa Serena,domestico,domestico,19.338403154280556,False,True,True,0.03890274279174915,2021-05-02
TFF800A383C,Sin privada,domestico,domestico,13.196778539285654,True,True,True,0.49974223684258284,2021-10-09
T43D369AD4F,Sin privada,domestico,domestico,14.158420625454687,False,True,True,0.18546365988302344,2022-03-05
T2558B25F4A,Los Fresnos,domestico,domestico,11.367532891704155,False,True,False,0.09431905093333581,2019-08-20
TF2D53B5266,Sin privada,domestico,domestico,13.792882205295795,False,True,True,0.10093592434761087,2021-08-22
T46E626FB09,Sin privada,domestico,domestico,19.431505577070592,False,True,True,0.7163561813055468,2020-06-07
T7E0A59EC74,Villa Serena,domestico,domestico,6.618989788214472,False,True,True,0.19302245774634127,2020-05-28
TDB77C6E5BA,San Miguel,domestico,domestico,12.079041184436214,False,True,True,0.15650548952782398,2022-12-01
TB2420A8657,Los Fresnos,domestico,domestico,9.169420597752332,True,True,True,0.7459747652272101,2021-11-01
TB1246EBDB6,Sin privada,domestico,domestico,5.58229741770603,False,True,True,0.2774552554220723,2019-03-31
T8C8BD1D187,Las Palmas,domestico,domestico,21.568205432021543,False,True,True,0.176873463268777,2023-06-25
T9A87FD75BB,Sin privada,domestico,domestico,14.286836038792506,False,False,True,0.25715879336961817,2023-12-27
T7220DB253B,Los Fresnos,domestico,domestico,18.141787615768397,False,True,True,0.0816233974683392,2023-06-07
T024582A041,Los Fresnos,comercial,comercial,28.054464895663944,False,True,True,0.5103229882310455,2020-10-03
TA3D7EB0EB6,Sin privada,comercial,comercial,2.0,True,True,True,0.4061021295934078,2021-09-08
T980F08905D,Los Fresnos,domestico,domestico,11.039077685818926,False,True,True,0.4022094918031848,2023-01-18
T0070991C4A,Sin privada,domestico,domestico,12.74898761550414,False,True,True,0.3931225148158937,2021-08-17
TE62F9D24A2,Los Fresnos,domestico,domestico,20.301163808480325,False,True,False,0.010808982839728122,2023-07-27
T660F58D22C,Los Fresnos,comercial,comercial,16.62958519819438,False,True,True,0.5646245504175202,2020-08-04
TC9C59FD3C0,La Cañada,domestico,domestico,12.527347505540684,False,True,False,0.16669031046228547,2023-07-06
TC85BCF4679,Las Palmas,domestico,domestico,17.93283859709004,False,True,True,0.4188291696176983,2020-12-26
T711A4FB3DC,Los Fresnos,domestico,domestico,8.014894441399056,False,True,True,0.5259170153265633,2020-04-04
TDA01857472,La Noria,domestico,domestico,5.7401033443166085,False,True,True,0.17080917760239084,2020-11-26
T593C7D2F36,La Cañada,domestico,domestico,11.27179939977213,False,True,True,0.24421121318414976,2019-08-28
TAD1B3ECAF6,Sin privada,domestico,domestico,21.003316497705306,False,True,True,0.19806774185353104,2021-05-18
